,ensemble,model_0,model_1
DSC0,0.9968107342720032,0.996778666973114,0.9965949058532715
DSC1,0.7802689075469971,0.7719334959983826,0.7697612047195435
DSC2,0.7927237749099731,0.7843611836433411,0.7776226997375488
DSC3,0.8951655626296997,0.8900493383407593,0.8898340463638306
HD0,17.474288940429688,30.064586639404297,26.74695587158203
HD1,6.0662841796875,9.599390983581543,10.725898742675781
HD2,5.299259185791016,8.194047927856445,8.447882652282715
HD3,3.5299952030181885,5.799265384674072,5.970345973968506
